{
  "band": "MODERATE",
  "score_0to1": 0.2857142857142857,
  "rules_fired": [
    {
      "rule": "HOLD_VAR_HIGH",
      "detail": {
        "rz_hold_std": 0.36013350286611967,
        "rz_hold_mad": 3.0297105792099908,
        "rz_hold_iqr": 2.5795710353314116
      }
    },
    {
      "rule": "BACKSPACE_RATE_HIGH",
      "detail": {
        "rz_backspace_per_100chars": 3.0734299516908217
      }
    }
  ],
  "features": {
    "hold_mean": 0.08500730883974238,
    "hold_std": 0.02410000492990671,
    "hold_median": 0.08444629155565053,
    "hold_iqr": 0.03714362427126616,
    "hold_mad": 0.018355499836616218,
    "hold_cv": 0.2835050921955495,
    "hold_p95": 0.1237218518159352,
    "hold_p99": 0.1366060512443073,
    "hold_min": 0.016100999899208546,
    "hold_max": 0.15756883309222758,
    "flight_mean": 0.08944296007728682,
    "flight_std": 0.09352400221078122,
    "flight_median": 0.06957052100915462,
    "flight_iqr": 0.07263047900050879,
    "flight_mad": 0.03677020862232894,
    "flight_cv": 1.0456273152181905,
    "flight_p95": 0.2897490034461952,
    "flight_p99": 0.4631098372023557,
    "flight_min": 0.00010137492790818214,
    "flight_max": 0.720126291969791,
    "pause_rate_p95": 0.05088495575221239,
    "prop_left": 0.5492063492063493,
    "prop_right": 0.4507936507936508,
    "lr_imbalance_abs": 0.09841269841269841,
    "chars_per_sec": 3.9862550802556513,
    "backspace_per_100chars": 19.682539682539684,
    "n_chars": 315,
    "n_press": 454,
    "n_rel": 454
  },
  "robust_z": {
    "hold_mean": 0.9456773689699756,
    "hold_std": 0.36013350286611967,
    "hold_median": 1.0890740285627607,
    "hold_iqr": 2.5795710353314116,
    "hold_mad": 3.0297105792099908,
    "hold_cv": 0.398107954132357,
    "hold_p95": 1.0111477760882104,
    "hold_p99": 0.3511608711473789,
    "hold_min": 0.08531128375891311,
    "hold_max": -0.34853714128455715,
    "flight_mean": 0.5623882817788568,
    "flight_std": 0.31820233998317154,
    "flight_median": 0.48414274442517796,
    "flight_iqr": 0.7520247795061802,
    "flight_mad": 0.8230430540890704,
    "flight_cv": 0.6874196451119468,
    "flight_p95": 0.6019229958793794,
    "flight_p99": 0.27190734952151324,
    "flight_min": -0.3827241531103599,
    "flight_max": 0.15806220918488126,
    "pause_rate_p95": 0.9456012493492975,
    "prop_left": 1.0265288544358315,
    "prop_right": 0.9686034658511724,
    "lr_imbalance_abs": 1.342222222222222,
    "chars_per_sec": 1.2007154470279722,
    "backspace_per_100chars": 3.0734299516908217,
    "n_chars": 1.6470588235294117,
    "n_press": 1.7852760736196318,
    "n_rel": 1.7852760736196318
  }
}