{
  "session_id": "session_1759653958486",
  "timestamp": 1759653996.942389,
  "features": {
    "hold_mean": 0.0914000000025096,
    "hold_std": 0.026176268571536227,
    "hold_median": 0.09229999995231708,
    "hold_iqr": 0.032575000166890966,
    "hold_mad": 0.016849999904633428,
    "hold_cv": 0.2863924351292943,
    "hold_p95": 0.12791999986171793,
    "hold_p99": 0.1721279998302436,
    "hold_min": 0.023899999618530288,
    "hold_max": 0.21709999990463302,
    "flight_mean": 0.1162052910012543,
    "flight_std": 0.1303691398575964,
    "flight_median": 0.08019999980926684,
    "flight_iqr": 0.10659999990463476,
    "flight_mad": 0.05009999990463321,
    "flight_cv": 1.1218864367904662,
    "flight_p95": 0.3673799998283377,
    "flight_p99": 0.5946439998435954,
    "flight_min": 0.0009000000953705012,
    "flight_max": 0.8123000001907386,
    "pause_rate_p95": 0.05291005291005291,
    "prop_left": 0.5958904109589042,
    "prop_right": 0.4041095890410959,
    "lr_imbalance_abs": 0.1917808219178082,
    "chars_per_sec": 4.424238725851433,
    "backspace_per_100chars": 9.195402298850574,
    "n_chars": 174,
    "n_press": 191,
    "n_rel": 191
  },
  "session_data": {
    "total_keystrokes": 191,
    "total_releases": 191,
    "backspaces": 16
  },
  "score_0to1": 0.2857142857142857,
  "band": "MODERATE",
  "rules_fired": [
    {
      "rule": "HOLD_VAR_HIGH",
      "detail": {
        "rz_hold_std": 0.47731172535929056,
        "rz_hold_mad": 2.6991977053078138,
        "rz_hold_iqr": 2.139287814827553
      }
    },
    {
      "rule": "ASYMMETRY_HIGH",
      "detail": {
        "rz_lr_imbalance_abs": 3.564383561643835
      }
    }
  ],
  "robust_z": {
    "hold_mean": 1.0919955466887779,
    "hold_std": 0.47731172535929056,
    "hold_median": 1.283362942109297,
    "hold_iqr": 2.139287814827553,
    "hold_mad": 2.6991977053078138,
    "hold_cv": 0.41234691220790387,
    "hold_p95": 1.0793903377864142,
    "hold_p99": 0.7025059730593719,
    "hold_min": 0.611014187330048,
    "hold_max": -0.10240760314438692,
    "flight_mean": 1.0298722759642502,
    "flight_std": 0.8375272781265359,
    "flight_median": 0.7109006241905447,
    "flight_iqr": 1.57145270000172,
    "flight_mad": 1.4839254455722954,
    "flight_cv": 0.8104856151637968,
    "flight_p95": 1.0311181848825943,
    "flight_p99": 0.6331591622387832,
    "flight_min": 4.480135301045612,
    "flight_max": 0.306290220523191,
    "pause_rate_p95": 1.0230314347961407,
    "prop_left": 1.1987894233832435,
    "prop_right": 0.7647354530601986,
    "lr_imbalance_abs": 3.564383561643835,
    "chars_per_sec": 1.4425156718009553,
    "backspace_per_100chars": 0.9030484757621189,
    "n_chars": 0.46218487394957986,
    "n_press": 0.17177914110429449,
    "n_rel": 0.17177914110429449
  }
}