{
  "session_id": "session_1759654967167",
  "timestamp": 1759654997.857207,
  "features": {
    "hold_mean": 0.07595851063981982,
    "hold_std": 0.028177697822328436,
    "hold_median": 0.07180000019073418,
    "hold_iqr": 0.03692500019073508,
    "hold_mad": 0.017999999761581176,
    "hold_cv": 0.370961694548508,
    "hold_p95": 0.1243949999332437,
    "hold_p99": 0.14497699972629458,
    "hold_min": 0.0147000002861013,
    "hold_max": 0.1789999999999985,
    "flight_mean": 0.1279252688141278,
    "flight_std": 0.2315721428804905,
    "flight_median": 0.04284999990463234,
    "flight_iqr": 0.07914999961853142,
    "flight_mad": 0.028049999952317606,
    "flight_cv": 1.8102142370086318,
    "flight_p95": 0.6674749997854241,
    "flight_p99": 0.9435850000381474,
    "flight_min": 0.0,
    "flight_max": 1.5839999999999996,
    "pause_rate_p95": 0.053763440860215055,
    "prop_left": 0.5371428571428571,
    "prop_right": 0.46285714285714286,
    "lr_imbalance_abs": 0.07428571428571429,
    "chars_per_sec": 4.937713891034442,
    "backspace_per_100chars": 0.0,
    "n_chars": 188,
    "n_press": 188,
    "n_rel": 188
  },
  "session_data": {
    "total_keystrokes": 188,
    "total_releases": 188,
    "backspaces": 0
  },
  "score_0to1": 0.42857142857142855,
  "band": "MODERATE",
  "rules_fired": [
    {
      "rule": "FLIGHT_VAR_HIGH",
      "detail": {
        "rz_flight_std": 2.263963617938395,
        "rz_flight_mad": 0.3907007737023961,
        "rz_flight_iqr": 0.9092915610345946
      }
    },
    {
      "rule": "HOLD_VAR_HIGH",
      "detail": {
        "rz_hold_std": 0.5902665146025332,
        "rz_hold_mad": 2.951665174506768,
        "rz_hold_iqr": 2.5585019974642473
      }
    },
    {
      "rule": "PAUSES_HIGH",
      "detail": {
        "rz_flight_p95": 2.6902406517833195,
        "rz_pause_rate_p95": 1.0556609740670464
      }
    }
  ],
  "robust_z": {
    "hold_mean": 0.7385652733835022,
    "hold_std": 0.5902665146025332,
    "hold_median": 0.7762238327590294,
    "hold_iqr": 2.5585019974642473,
    "hold_mad": 2.951665174506768,
    "hold_cv": 0.8294009882155784,
    "hold_p95": 1.0220900657422405,
    "hold_p99": 0.4339573354344841,
    "hold_min": -0.009125130014489084,
    "hold_max": -0.2599307272789887,
    "flight_mean": 1.2345966721796624,
    "flight_std": 2.263963617938395,
    "flight_median": -0.08588414267141574,
    "flight_iqr": 0.9092915610345946,
    "flight_mad": 0.3907007737023961,
    "flight_cv": 1.9212999899034766,
    "flight_p95": 2.6902406517833195,
    "flight_p99": 1.591507672773469,
    "flight_min": -1.0,
    "flight_max": 1.5472900514869723,
    "pause_rate_p95": 1.0556609740670464,
    "prop_left": 0.9820155038759691,
    "prop_right": 1.0212844036697248,
    "lr_imbalance_abs": 0.7679999999999999,
    "chars_per_sec": 1.7259929468204496,
    "backspace_per_100chars": -1.0,
    "n_chars": 0.5798319327731093,
    "n_press": 0.15337423312883436,
    "n_rel": 0.15337423312883436
  }
}