{
  "session_id": "session_1759679290183",
  "timestamp": 1759679310.9795818,
  "features": {
    "hold_mean": 0.09671008404964447,
    "hold_std": 0.028239047346909362,
    "hold_median": 0.09640000009540017,
    "hold_iqr": 0.03540000033373758,
    "hold_mad": 0.017100000381503833,
    "hold_cv": 0.2919969269431441,
    "hold_p95": 0.14390000000001918,
    "hold_p99": 0.1603020000171807,
    "hold_min": 0.015600000381425616,
    "hold_max": 0.18359999990468623,
    "flight_mean": 0.12375762710328544,
    "flight_std": 0.1252667556476415,
    "flight_median": 0.08994999980927787,
    "flight_iqr": 0.09609999978543726,
    "flight_mad": 0.04774999952317671,
    "flight_cv": 1.0121942265675195,
    "flight_p95": 0.35324999980927313,
    "flight_p99": 0.48185100003238845,
    "flight_min": 0.0018000001907125807,
    "flight_max": 0.8864000000953638,
    "pause_rate_p95": 0.05084745762711865,
    "prop_left": 0.6222222222222222,
    "prop_right": 0.37777777777777777,
    "lr_imbalance_abs": 0.24444444444444444,
    "chars_per_sec": 4.0211551055119115,
    "backspace_per_100chars": 13.333333333333334,
    "n_chars": 105,
    "n_press": 119,
    "n_rel": 119
  },
  "session_data": {
    "total_keystrokes": 119,
    "total_releases": 119,
    "backspaces": 14
  },
  "score_0to1": 0.2857142857142857,
  "band": "MODERATE",
  "rules_fired": [
    {
      "rule": "HOLD_VAR_HIGH",
      "detail": {
        "rz_hold_std": 0.5937289016024577,
        "rz_hold_mad": 2.754082049260276,
        "rz_hold_iqr": 2.4115361204371184
      }
    },
    {
      "rule": "ASYMMETRY_HIGH",
      "detail": {
        "rz_lr_imbalance_abs": 4.817777777777778
      }
    }
  ],
  "robust_z": {
    "hold_mean": 1.2135346296082994,
    "hold_std": 0.5937289016024577,
    "hold_median": 1.3847907686986265,
    "hold_iqr": 2.4115361204371184,
    "hold_mad": 2.754082049260276,
    "hold_cv": 0.4399855148274589,
    "hold_p95": 1.3391515785722923,
    "hold_p99": 0.5855358383979861,
    "hold_min": 0.051540683596725936,
    "hold_max": -0.240912187703687,
    "flight_mean": 1.1617963694387157,
    "flight_std": 0.7656101804183244,
    "flight_median": 0.9188966481998766,
    "flight_iqr": 1.3181670181941831,
    "flight_mad": 1.3674139534422411,
    "flight_cv": 0.6334657652114973,
    "flight_p95": 0.9529982545528985,
    "flight_p99": 0.3233789893512724,
    "flight_min": 9.960270601918163,
    "flight_max": 0.42545322088445203,
    "pause_rate_p95": 0.9441674975074777,
    "prop_left": 1.2959517657192077,
    "prop_right": 0.6497451580020388,
    "lr_imbalance_abs": 4.817777777777778,
    "chars_per_sec": 1.2199829106339872,
    "backspace_per_100chars": 1.759420289855073,
    "n_chars": -0.11764705882352941,
    "n_press": -0.26993865030674846,
    "n_rel": -0.26993865030674846
  }
}