{
  "session_id": "session_1759680827337",
  "timestamp": 1759680859.04616,
  "features": {
    "hold_mean": 0.0994015873065069,
    "hold_std": 0.030490866785879422,
    "hold_median": 0.09385000002384203,
    "hold_iqr": 0.04352500009536531,
    "hold_mad": 0.02109999990463285,
    "hold_cv": 0.30674426447396846,
    "hold_p95": 0.14750000011920905,
    "hold_p99": 0.18577499991655433,
    "hold_min": 0.02940000009536803,
    "hold_max": 0.19809999990463467,
    "flight_mean": 0.1768055999965669,
    "flight_std": 0.2556882569221985,
    "flight_median": 0.11479999995231793,
    "flight_iqr": 0.1572999999523148,
    "flight_mad": 0.0717999999523169,
    "flight_cv": 1.4461547424242405,
    "flight_p95": 0.47436000003814766,
    "flight_p99": 1.3985599999141725,
    "flight_min": 0.0005999999046331084,
    "flight_max": 1.978900000095365,
    "pause_rate_p95": 0.056,
    "prop_left": 0.6082474226804123,
    "prop_right": 0.3917525773195876,
    "lr_imbalance_abs": 0.21649484536082475,
    "chars_per_sec": 3.4079127112068344,
    "backspace_per_100chars": 5.932203389830509,
    "n_chars": 118,
    "n_press": 126,
    "n_rel": 126
  },
  "session_data": {
    "total_keystrokes": 126,
    "total_releases": 126,
    "backspaces": 7
  },
  "score_0to1": 0.42857142857142855,
  "band": "MODERATE",
  "rules_fired": [
    {
      "rule": "FLIGHT_VAR_HIGH",
      "detail": {
        "rz_flight_std": 2.603875482375435,
        "rz_flight_mad": 2.5597973495635924,
        "rz_flight_iqr": 2.794460693710225
      }
    },
    {
      "rule": "HOLD_VAR_HIGH",
      "detail": {
        "rz_hold_std": 0.7208149777363112,
        "rz_hold_mad": 3.6322297727580293,
        "rz_hold_iqr": 3.1945510894770743
      }
    },
    {
      "rule": "ASYMMETRY_HIGH",
      "detail": {
        "rz_lr_imbalance_abs": 4.152577319587628
      }
    }
  ],
  "robust_z": {
    "hold_mean": 1.2751387086794148,
    "hold_std": 0.7208149777363112,
    "hold_median": 1.3217076086901767,
    "hold_iqr": 3.1945510894770743,
    "hold_mad": 3.6322297727580293,
    "hold_cv": 0.5127121446895374,
    "hold_p95": 1.3976710084657065,
    "hold_p99": 0.8374874936963383,
    "hold_min": 0.9817497078292949,
    "hold_max": -0.180962442148287,
    "flight_mean": 2.08843756231704,
    "flight_std": 2.603875482375435,
    "flight_median": 1.4490198509052936,
    "flight_iqr": 2.794460693710225,
    "flight_mad": 2.5597973495635924,
    "flight_cv": 1.3337855531530953,
    "flight_p95": 1.6225739634944392,
    "flight_p99": 2.841073109963716,
    "flight_min": 2.6534225661946187,
    "flight_max": 2.1823436130874323,
    "pause_rate_p95": 1.1411764705882355,
    "prop_left": 1.2443858387277231,
    "prop_right": 0.710772722973612,
    "lr_imbalance_abs": 4.152577319587628,
    "chars_per_sec": 0.8814265506548737,
    "backspace_per_100chars": 0.227708179808401,
    "n_chars": -0.008403361344537815,
    "n_press": -0.22699386503067484,
    "n_rel": -0.22699386503067484
  }
}