{
  "session_id": "session_1759680973284",
  "timestamp": 1759681004.3768241,
  "features": {
    "hold_mean": 0.09749352518260065,
    "hold_std": 0.02724091980748764,
    "hold_median": 0.09520000004768292,
    "hold_iqr": 0.03420000004768475,
    "hold_mad": 0.016599999904631346,
    "hold_cv": 0.2794126046469929,
    "hold_p95": 0.14581000006198933,
    "hold_p99": 0.16781999990463237,
    "hold_min": 0.015399999856953173,
    "hold_max": 0.1832000000476839,
    "flight_mean": 0.15202463767666732,
    "flight_std": 0.18224179647553976,
    "flight_median": 0.10474999999999923,
    "flight_iqr": 0.11392499995231464,
    "flight_mad": 0.057099999904631105,
    "flight_cv": 1.198764879566032,
    "flight_p95": 0.45809499999284714,
    "flight_p99": 0.8936320000529295,
    "flight_min": 0.0022000000476829484,
    "flight_max": 1.2059000000953617,
    "pause_rate_p95": 0.050724637681159424,
    "prop_left": 0.5887850467289719,
    "prop_right": 0.411214953271028,
    "lr_imbalance_abs": 0.17757009345794392,
    "chars_per_sec": 3.619935709966785,
    "backspace_per_100chars": 11.2,
    "n_chars": 125,
    "n_press": 139,
    "n_rel": 139
  },
  "session_data": {
    "total_keystrokes": 139,
    "total_releases": 139,
    "backspaces": 14
  },
  "score_0to1": 0.2857142857142857,
  "band": "MODERATE",
  "rules_fired": [
    {
      "rule": "HOLD_VAR_HIGH",
      "detail": {
        "rz_hold_std": 0.5373975145156393,
        "rz_hold_mad": 2.644313466045572,
        "rz_hold_iqr": 2.2958908017419515
      }
    },
    {
      "rule": "ASYMMETRY_HIGH",
      "detail": {
        "rz_lr_imbalance_abs": 3.226168224299065
      }
    }
  ],
  "robust_z": {
    "hold_mean": 1.231466307520686,
    "hold_std": 0.5373975145156393,
    "hold_median": 1.355104575406075,
    "hold_iqr": 2.2958908017419515,
    "hold_mad": 2.644313466045572,
    "hold_cv": 0.3779258143707263,
    "hold_p95": 1.3701993871895963,
    "hold_p99": 0.6598958479633632,
    "hold_min": 0.0380593577581789,
    "hold_max": -0.24256597319676093,
    "flight_mean": 1.655564085115938,
    "flight_std": 1.5686621282028508,
    "flight_median": 1.2346239502515601,
    "flight_iqr": 1.748149615264102,
    "flight_mad": 1.8309808977099882,
    "flight_cv": 0.9345510376494693,
    "flight_p95": 1.5326503492950745,
    "flight_p99": 1.4543143274632837,
    "flight_min": 12.395885162263415,
    "flight_max": 0.9392532028605142,
    "pause_rate_p95": 0.9394714407502134,
    "prop_left": 1.1725711801782221,
    "prop_right": 0.7957643830918288,
    "lr_imbalance_abs": 3.226168224299065,
    "chars_per_sec": 0.9984793430883904,
    "backspace_per_100chars": 1.3179130434782609,
    "n_chars": 0.05042016806722689,
    "n_press": -0.147239263803681,
    "n_rel": -0.147239263803681
  }
}