{
  "timestamp": 1759644881,
  "features": {
    "hold_mean": 0.08500730883974238,
    "hold_std": 0.02410000492990671,
    "hold_median": 0.08444629155565053,
    "hold_iqr": 0.03714362427126616,
    "hold_mad": 0.018355499836616218,
    "hold_cv": 0.2835050921955495,
    "hold_p95": 0.1237218518159352,
    "hold_p99": 0.1366060512443073,
    "hold_min": 0.016100999899208546,
    "hold_max": 0.15756883309222758,
    "flight_mean": 0.08944296007728682,
    "flight_std": 0.09352400221078122,
    "flight_median": 0.06957052100915462,
    "flight_iqr": 0.07263047900050879,
    "flight_mad": 0.03677020862232894,
    "flight_cv": 1.0456273152181905,
    "flight_p95": 0.2897490034461952,
    "flight_p99": 0.4631098372023557,
    "flight_min": 0.00010137492790818214,
    "flight_max": 0.720126291969791,
    "pause_rate_p95": 0.05088495575221239,
    "prop_left": 0.5492063492063493,
    "prop_right": 0.4507936507936508,
    "lr_imbalance_abs": 0.09841269841269841,
    "chars_per_sec": 3.9862550802556513,
    "backspace_per_100chars": 19.682539682539684,
    "n_chars": 315,
    "n_press": 454,
    "n_rel": 454
  }
}