{
  "features": {
    "spectral_centroid_mean": 4124.140727169293,
    "spectral_centroid_std": 91.6447327676752,
    "tremor_band_ratio": 0.0,
    "spectral_flatness_mean": NaN,
    "frequency_stability": 91.6447327676752,
    "high_freq_energy_ratio": 0.519207775592804,
    "duration_seconds": 10.869333333333334,
    "num_frames": 1020
  },
  "metadata": {
    "wav_path": "audio_sessions/session_1759679394404.wav",
    "sample_rate": 48000,
    "duration": 10.92,
    "n_fft": 2048,
    "hop_length": 512,
    "timestamp": "2025-10-05T08:49:56.718338"
  }
}