{
  "features": {
    "spectral_centroid_mean": 4183.554087196177,
    "spectral_centroid_std": 113.25796202263194,
    "tremor_band_ratio": 0.0,
    "spectral_flatness_mean": NaN,
    "frequency_stability": 113.25796202263194,
    "high_freq_energy_ratio": 0.5345528721809387,
    "duration_seconds": 10.869333333333334,
    "num_frames": 1020
  },
  "metadata": {
    "wav_path": "audio_sessions/session_1759655748632.wav",
    "sample_rate": 48000,
    "duration": 10.92,
    "n_fft": 2048,
    "hop_length": 512,
    "timestamp": "2025-10-05T02:16:24.820884"
  }
}