{
  "features": {
    "spectral_centroid_mean": 4079.987995931547,
    "spectral_centroid_std": 97.34080568262078,
    "tremor_band_ratio": 0.0,
    "spectral_flatness_mean": NaN,
    "frequency_stability": 97.34080568262078,
    "high_freq_energy_ratio": 0.5121589303016663,
    "duration_seconds": 10.933333333333334,
    "num_frames": 1026
  },
  "metadata": {
    "wav_path": "audio_sessions/session_1759681780190.wav",
    "sample_rate": 48000,
    "duration": 10.98,
    "n_fft": 2048,
    "hop_length": 512,
    "timestamp": "2025-10-05T09:30:00.899658"
  }
}