{
  "timestamp": 1759644766,
  "features": {
    "hold_mean": 0.08738068314454878,
    "hold_std": 0.03543770501810647,
    "hold_median": 0.08084566693287343,
    "hold_iqr": 0.02075311477528885,
    "hold_mad": 0.009110083454288542,
    "hold_cv": 0.4055553669623289,
    "hold_p95": 0.12303606257773936,
    "hold_p99": 0.2022054577828385,
    "hold_min": 0.029670750023797154,
    "hold_max": 0.4837385001592338,
    "flight_mean": 0.1144951752652056,
    "flight_std": 0.14189627703433627,
    "flight_median": 0.0937517920974642,
    "flight_iqr": 0.08291033306159079,
    "flight_mad": 0.04033937491476536,
    "flight_cv": 1.2393210168521198,
    "flight_p95": 0.3617514751851562,
    "flight_p99": 0.7282131632883101,
    "flight_min": 0.0003284590784460306,
    "flight_max": 1.2436746251769364,
    "pause_rate_p95": 0.052307692307692305,
    "prop_left": 0.542016806722689,
    "prop_right": 0.4579831932773109,
    "lr_imbalance_abs": 0.08403361344537816,
    "chars_per_sec": 3.622690144370113,
    "backspace_per_100chars": 9.663865546218487,
    "n_chars": 238,
    "n_press": 326,
    "n_rel": 326
  }
}